{"cameraMode":{"drawMode":0,"name":"Shaded","section":"Shading Mode"},"sceneLighting":false,"audioPlay":false,"sceneViewState":{"showFog":true,"showMaterialUpdate":false,"showSkybox":true,"showFlares":true,"showImageEffects":true,"showParticleSystems":true},"in2DMode":false,"pivot":{"x":0.02729511260986328,"y":0.861084520816803,"z":0.007589578628540039},"rotation":{"x":0.013750499114394188,"y":0.09222427010536194,"z":-0.0012736174976453186,"w":0.9956425428390503},"size":4.790700435638428,"orthographic":false}