{"cameraMode":{"drawMode":0,"name":"Shaded","section":"Shading Mode"},"sceneLighting":true,"audioPlay":false,"sceneViewState":{"showFog":true,"showMaterialUpdate":true,"showSkybox":true,"showFlares":true,"showImageEffects":true,"showParticleSystems":true},"in2DMode":false,"pivot":{"x":-16.037172317504884,"y":-2.77670955657959,"z":6.691414833068848},"rotation":{"x":-0.39972466230392458,"y":-0.4060018062591553,"z":0.20384564995765687,"w":-0.7961342334747315},"size":18.51972770690918,"orthographic":false}