{"cameraMode":{"drawMode":0,"name":"Shaded","section":"Shading Mode"},"sceneLighting":false,"audioPlay":false,"sceneViewState":{"showFog":true,"showMaterialUpdate":false,"showSkybox":true,"showFlares":true,"showImageEffects":true,"showParticleSystems":true},"in2DMode":false,"pivot":{"x":-1.0833359956741334,"y":0.6753068566322327,"z":-8.042816162109375},"rotation":{"x":0.00010839657625183463,"y":0.9990392923355103,"z":-0.0018074661493301392,"w":0.043786630034446719},"size":4.727064609527588,"orthographic":false}