{"cameraMode":{"drawMode":0,"name":"Shaded","section":"Shading Mode"},"sceneLighting":true,"audioPlay":false,"sceneViewState":{"showFog":true,"showMaterialUpdate":false,"showSkybox":true,"showFlares":true,"showImageEffects":true,"showParticleSystems":true},"in2DMode":false,"pivot":{"x":20.83190155029297,"y":-2.1099658012390138,"z":22.736528396606447},"rotation":{"x":0.14195072650909425,"y":0.8303440809249878,"z":-0.24569977819919587,"w":0.47959402203559878},"size":7.366364002227783,"orthographic":false}