{"cameraMode":{"drawMode":0,"name":"Shaded","section":"Shading Mode"},"sceneLighting":true,"audioPlay":false,"sceneViewState":{"showFog":true,"showMaterialUpdate":false,"showSkybox":true,"showFlares":true,"showImageEffects":true,"showParticleSystems":true},"in2DMode":false,"pivot":{"x":-1.5490286350250245,"y":-0.5887883305549622,"z":-4.809355735778809},"rotation":{"x":-0.001549605163745582,"y":0.9982993602752686,"z":-0.048266276717185977,"w":-0.03265758231282234},"size":1.207395076751709,"orthographic":false}