{"cameraMode":{"drawMode":0,"name":"Shaded","section":"Shading Mode"},"sceneLighting":true,"audioPlay":false,"sceneViewState":{"showFog":true,"showMaterialUpdate":false,"showSkybox":true,"showFlares":true,"showImageEffects":true,"showParticleSystems":true},"in2DMode":false,"pivot":{"x":20.83190155029297,"y":-2.1099658012390138,"z":22.736528396606447},"rotation":{"x":0.14195071160793305,"y":0.830344021320343,"z":-0.24569976329803468,"w":0.47959399223327639},"size":7.366364002227783,"orthographic":false}